Title,Company,Deadline,Location,Link
Junior Accountant,Step Consulting LLC,20 July 2020,Yerevan,https://staff.am/en/junior-accountant-21
Trainer,«Teghout» CJSC ,08 July 2020,Alaverdi,https://staff.am/en/trainer-16
Digital Marketing Specialist,Network Zone,30 July 2020,Yerevan,https://staff.am/en/digital-marketing-specialist-216
Անվտանգության աշխատակից (իգական),Atenk Ltd,15 July 2020,Yerevan,https://staff.am/en/anvtangutyan-asxatakic-igakan-1
Graphic Designer ,Network Zone,30 July 2020,Yerevan,https://staff.am/en/graphic-designer-373
Senior Product Manager - Mobile Applications,DISQO,30 July 2020,Yerevan,https://staff.am/en/senior-product-manager-mobile-applications-1
"Associate Software Development Engineer in Test , Front-End",DISQO,30 July 2020,Yerevan,https://staff.am/en/associate-software-development-engineer-in-test-front-end
QA tester, Joomag,30 July 2020,Yerevan,https://staff.am/en/qa-tester-11
SMM specialist ,Renderforest,30 July 2020,Yerevan,https://staff.am/en/smm-specialist-333
System Administrator/DevOps,Հայ-Թեք Գեթվեյ ՍՊԸ հ/մ,30 July 2020,Yerevan,https://staff.am/en/system-administratordevops-10
ՏԵԽՆԻԿԱԿԱՆ ԱՋԱԿՑՈՒԹՅԱՆ ՄԱՍՆԱԳԵՏ,Հայ-Թեք Գեթվեյ ՍՊԸ հ/մ,30 July 2020,Yerevan,https://staff.am/en/texnikakan-ajakcutyan-masnaget-18
ՄԱՐՔԵԹԻՆԳԻ ՄԱՍՆԱԳԵՏ,Genacvale Tavern,30 July 2020,Yerevan,https://staff.am/en/marketingi-masnaget-72
"DevOps Engineer, Communications Services",DataArt Armenia,30 July 2020,Yerevan,https://staff.am/en/devops-engineer-communications-services
 Translator,FCl Urartu SNGO,30 July 2020,Yerevan,https://staff.am/en/translator-23
Experienced UI-UX Designer/UI Artist,MINNOVA.AM,30 July 2020,Yerevan,https://staff.am/en/experienced-ui-ux-designerui-artist
Junior/Mid Game UI Engineer (bootcamp),Rockbite Games,08 July 2020,Yerevan,https://staff.am/en/juniormid-game-ui-engineer-bootcamp-1
"Chief of Party, Armenia Integrity Project",Chemonics International Inc.,08 July 2020,Yerevan,https://staff.am/en/chief-of-party-armenia-integrity-project
Cashier,Ameriabank CJSC,12 July 2020,Yerevan,https://staff.am/en/cashier-49
 Junior Expert /Facilitator of National Determined Contributions Implementation in Armenia,UNDP Armenia Office,07 July 2020,Yerevan,https://staff.am/en/junior-expert-facilitator-of-national-determined-contributions-implementation-in-armenia
«Իջևան» մասնաճյուղի շրջիկ ԸԱ «Տավուշ» ծրագրի սոցիալական աշխատող,SOS Children's Villages Armenia,15 July 2020,Noyemberyan,https://staff.am/en/ijevan-masnacyugi-srjik-a-tavus-cragri-socialakan-asxatog-1
Back-End Software Engineer,BIVAC Armenia CJSC,30 July 2020,Yerevan,https://staff.am/en/back-end-software-engineer-6
Գլխավոր հաշվապահի տեղակալ,ՇԻՆԱՐԱՐԱԿԱՆ ՍՊԸ,30 July 2020,Yerevan,https://staff.am/en/deputy-chief-accountant-19
Front-End Developer,BIVAC Armenia CJSC,30 July 2020,Yerevan,https://staff.am/en/front-end-developer-364
Inbound Communication Team Specialist,Ameriabank CJSC,12 July 2020,Yerevan,https://staff.am/en/inbound-communication-team-specialist-2
Engineering Project Manager,National Instruments AM LLC,29 July 2020,Yerevan,https://staff.am/en/engineering-project-manager
Mid/Senior Angular Developer,Digitain ,15 July 2020,Yerevan,https://staff.am/en/midsenior-angular-developer-9
Պրոցեսինգային համակարգի մասնագետ,Easy Pay LLC,29 July 2020,Yerevan,https://staff.am/en/procesingayin-hamakargi-masnaget-1
Junior Network administrator,ACBA-CREDIT AGRICOLE BANK CJSC,29 July 2020,Yerevan,https://staff.am/en/junior-network-administrator-1
Փաստաբան,Partner Company,29 July 2020,Yerevan,https://staff.am/en/pastaban-14
Специалист-Кассир,Ameriabank CJSC,12 July 2020,Yerevan,https://staff.am/en/specialist-kassir-6
Sr. Product Manager - Marketing,ServiceTitan,29 July 2020,Yerevan,https://staff.am/en/sr-product-manager-marketing
Accountant-cashier,AraratBank OJSC,29 July 2020,Yerevan,https://staff.am/en/accountant-cashier-6
PHP Developer,Studio One,29 July 2020,Yerevan,https://staff.am/en/php-developer-202
account holder,ՍՎԵՏԱ ՍՊԸ,29 July 2020,Yerevan,https://staff.am/en/account-holder
Intermediate Front End Developer (coder),Studio One,29 July 2020,Yerevan,https://staff.am/en/front-end-developer-coder-senior-and-intermediate
Senior Software Engineer (Security Compliance),ServiceTitan,29 July 2020,Yerevan,https://staff.am/en/senior-software-engineer-security-compliance
System Administrator/DevOps,Studio One,29 July 2020,Yerevan,https://staff.am/en/system-administratordevops-7
Accountant,WEISSCO LLC,29 July 2020,Yerevan,https://staff.am/en/accountant-470
Helpdesk Technician,DISQO,29 July 2020,Yerevan,https://staff.am/en/helpdesk-technician-9
React.js Developer - SpringBuilder,SoftConstruct,29 July 2020,Yerevan,https://staff.am/en/reactjs-developer-springbuilder
QA Engineer - SpringBuilder,SoftConstruct,29 July 2020,Yerevan,https://staff.am/en/qa-engineer-springbuilder
Manual QA Tester,ServiceTitan,29 July 2020,Yerevan,https://staff.am/en/manual-qa-tester-27
Ծրագրերի (ֆոնդհայթայթման) պատասխանատու,The Communities Association of Armenia,08 July 2020,Yerevan,https://staff.am/en/cragreri-fondhaytaytman-patasxanatu
Sports Web Designer,Adjarabet.am,15 July 2020,Yerevan,https://staff.am/en/sports-web-designer-1
Research Analyst,Adjarabet.am,15 July 2020,Yerevan,https://staff.am/en/research-analyst-13
Ծրագրերի մշակման պատասխանատու,The Communities Association of Armenia,08 July 2020,Yerevan,https://staff.am/en/cragreri-msakman-patasxanatu
Հարկային հաշվառման մասնագետ,Veolia Armenia,29 July 2020,Yerevan,https://staff.am/en/harkayin-hasvarman-masnaget
Մանկավարժ / «Երևանում Սիրիահայ ընտանիքների սոցիալ-տնտեսական ինտեգրումը» ծրագիր,SOS Children's Villages Armenia,15 July 2020,Yerevan,https://staff.am/en/mankavarz-erevanum-siriahay-ntanikneri-social-tntesakan-integrum-cragir-3
Խոհարար / «Երևանում Սիրիահայ ընտանիքների սոցիալ-տնտեսական ինտեգրումը» ծրագիր,SOS Children's Villages Armenia,15 July 2020,Yerevan,https://staff.am/en/xoharar-erevanum-siriahay-ntanikneri-social-tntesakan-integrum-cragir-2
Marketing Specialist ,AAB Construction,29 July 2020,Yerevan,https://staff.am/en/marketing-specialist-218
ASIC Physical Design Engineer/ 25774,Synopsys Armenia ,29 July 2020,Yerevan,https://staff.am/en/asic-physical-design-engineer-25774
IT Project Manager,Cypress,26 July 2020,Yerevan,https://staff.am/en/it-project-manager-89
Senior ASIC Physical Design Engineer/ 25762BR,Synopsys Armenia ,29 July 2020,Yerevan,https://staff.am/en/senior-asic-physical-design-engineer-25762br
Senior QA Engineer,Synopsys Armenia ,29 July 2020,Yerevan,https://staff.am/en/senior-qa-engineer-163
Senior R&D Engineer/25405,Synopsys Armenia ,29 July 2020,Yerevan,https://staff.am/en/senior-rd-engineer25405
ASIC Physical Design Engineer/ 25773,Synopsys Armenia ,29 July 2020,Yerevan,https://staff.am/en/asic-physical-design-engineer-25773
ASIC Physical Design Engineer/25778,Synopsys Armenia ,29 July 2020,Yerevan,https://staff.am/en/asic-physical-design-engineer25778
Senior Analog Design Engineer/ 25717BR,Synopsys Armenia ,29 July 2020,Yerevan,https://staff.am/en/senior-analog-design-engineer-25717br
Analog Design Engineer/25799 ,Synopsys Armenia ,29 July 2020,Yerevan,https://staff.am/en/analog-design-engineer25799
Scrum Master - SpringBuilder,SoftConstruct,28 July 2020,Yerevan,https://staff.am/en/scrum-master-springbuilder
Sales manager,ANITEX LLC,27 July 2020,Yerevan,https://staff.am/en/sales-manager-413
 Medical Equipment Representative,Concern-Energomash CJSC,17 July 2020,Yerevan,https://staff.am/en/medical-equipment-representative
Chief Accountant,Softline Armenia,26 July 2020,Yerevan,https://staff.am/en/chief-accountant-83
Software Engineer (m/f/d),PubNative GmbH,26 July 2020,Yerevan,https://staff.am/en/software-engineer-mfd
Sales Solution Infrastructure,Softline Armenia,26 July 2020,Yerevan,https://staff.am/en/sales-solution-infrastructure-4
Online Store Manager,Softline Armenia,26 July 2020,Yerevan,https://staff.am/en/online-store-manager
Վճարումների խորհրդատու,Easy Pay LLC,26 July 2020,Yerevan,https://staff.am/en/vcarumneri-xorhrdatu-2
Accountant-cashier,Concern-Energomash CJSC,26 July 2020,Yerevan,https://staff.am/en/accountant-cashier-3
HR specialist,SoftConstruct,10 July 2020,Yerevan,https://staff.am/en/hr-specialist-105
IT Project Manager,Digitec Innovations LLC,26 July 2020,Yerevan,https://staff.am/en/it-project-manager-86
Backend Developer,Digitec Innovations LLC,26 July 2020,Yerevan,https://staff.am/en/backend-developer-34
Հաշվետար,Էյ Էմ Գրուպ ՍՊԸ,26 July 2020,Yerevan,https://staff.am/en/hasvetar-54
Product Owner,SoftConstruct,26 July 2020,Yerevan,https://staff.am/en/product-owner-137
Executive Assistant,Partner Company,26 July 2020,Yerevan,https://staff.am/en/executive-assistant-87
Accountant,SoftConstruct,10 July 2020,Yerevan,https://staff.am/en/accountant-467
Junior Risk Analyst (mixed shifts),SoftConstruct,15 July 2020,Yerevan,https://staff.am/en/junior-risk-analyst-night-shifts-6
Technical Project Manager ,IYC technologies,26 July 2020,Yerevan,https://staff.am/en/technical-project-manager-26
Վաճառքի մենեջեր,Բերդ Կաթնամթերք,10 July 2020,Yerevan,https://staff.am/en/vacarki-menejer-125
Պանրի տեխնոլոգ,Բերդ Կաթնամթերք,10 July 2020,Chambarak,https://staff.am/en/panri-texnolog
Senior PHP / Laravel Developer,Innorise Entertainment LLC,26 July 2020,Yerevan,https://staff.am/en/senior-php-laravel-developer-6
Content Moderator,All.me LLC,09 July 2020,Yerevan,https://staff.am/en/content-moderator-18
Internal Auditor,SEF International UCO ,10 July 2020,Yerevan,https://staff.am/en/internal-auditor-40
Senior Java Software Engineer,MentorcliQ,26 July 2020,Yerevan,https://staff.am/en/senior-java-software-engineer-73
Senior Internal Auditor ,SEF International UCO ,10 July 2020,Yerevan,https://staff.am/en/senior-internal-auditor-11
Գործընկերների ներգրավման մասնագետ,SEF International UCO ,10 July 2020,Yerevan,https://staff.am/en/gorcnkerneri-nergravman-masnaget-9
Senior Backend (node.js) Developer,Priotix,26 July 2020,Yerevan,https://staff.am/en/senior-backend-nodejs-developer-4
Ժամկետանցի կառավարման բաժնի ղեկավար,SEF International UCO ,10 July 2020,Yerevan,https://staff.am/en/zamketanci-karavarman-bazni-gekavar-7
Senior Software Development Engineer in Test,Workfront Armenia,26 July 2020,Yerevan,https://staff.am/en/senior-software-development-engineer-in-test
Հյուրընկալ,Fora Premium,26 July 2020,Yerevan,https://staff.am/en/hyurnkal-3
Graphic designer,AraratBank OJSC,20 July 2020,Yerevan,https://staff.am/en/graphic-desinger
Ավագ գանձապահ «Վանաձոր» մասնաճյուղում,Fast Credit Capital UCO CJSC,26 July 2020,Vanadzor,https://staff.am/en/ganjapah-36-3
Graphic Designer ,Sygnoos ,26 July 2020,Yerevan,https://staff.am/en/graphic-designer-370
Senior Software Developer,LSOFT LTD,25 July 2020,Yerevan,https://staff.am/en/senior-software-developer-27
SMM Specialist,SoftConstruct,10 July 2020,Yerevan,https://staff.am/en/smm-specialist-330
UI/UX designer,All.me LLC,08 July 2020,Yerevan,https://staff.am/en/uiux-designer-398
Financial Reporting and Media Planning Unit Manager,Digitain ,18 July 2020,Yerevan,https://staff.am/en/financial-reporting-and-media-planning-unit-manager
Sales Manager,Bplan LLC,25 July 2020,Yerevan,https://staff.am/en/sales-manager-410
Call Center Agent,Armada Armenia,25 July 2020,Yerevan,https://staff.am/en/call-center-agent-4
Java Software Engineer,Essential,25 July 2020,Yerevan,https://staff.am/en/java-software-engineer-1
Software Developer,American University of Armenia Fund,16 July 2020,Yerevan,https://staff.am/en/software-developer-77
Associate Consultant,Գրանթ Թորնթոն ՓԲԸ,20 July 2020,Yerevan,https://staff.am/en/associate-consultant-4
Consultant,Գրանթ Թորնթոն ՓԲԸ,20 July 2020,Yerevan,https://staff.am/en/consultant-12
«Բանկային և ապահովագրական ոլորտի մասնագիտություններ» առարկայի դասախոս,Հայաստանում ֆրանսիական համալսարան/ French University in Armenia (UFAR),15 July 2020,Yerevan,https://staff.am/en/bankayin-ev-apahovagrakan-olorti-masnagitutyunner-ararkayi-dasaxos
Ինֆորմատիկա և կիրառական մաթեմատիկա ֆակուլտետի դասախոս,Հայաստանում ֆրանսիական համալսարան/ French University in Armenia (UFAR),15 July 2020,Yerevan,https://staff.am/en/informatika-ev-kirarakan-matematika-fakulteti-dasaxos
Digital Marketing Specialist,Art Lunch,25 July 2020,Yerevan,https://staff.am/en/digital-marketing-specialist-213
Sr. Product Manager - Sales Tech,ServiceTitan,25 July 2020,Yerevan,https://staff.am/en/sr-product-manager-sales-tech
Product Manager - Inventory,ServiceTitan,25 July 2020,Yerevan,https://staff.am/en/product-manager-inventory
Product Manager - Accounting,ServiceTitan,25 July 2020,Yerevan,https://staff.am/en/product-manager-accounting
Mid Angular Developer,Devolon Armenia,25 July 2020,Yerevan,https://staff.am/en/mid-angular-developer
UI/UX Designer,Haypost CJSC,25 July 2020,Yerevan,https://staff.am/en/uiux-designer-395
Motion designer/Video Editor Freelance/Videographer,IFCMARKETS.CORP.,02 July 2020,Yerevan,https://staff.am/en/motion-designervideo-editor-freelancevideographer-1
Logistics Manager,Globbing,24 July 2020,Yerevan,https://staff.am/en/logistics-manager-36
Call Center Specialist (evening and night shift),ID Bank CJSC,10 July 2020,Yerevan,https://staff.am/en/call-center-specialist-evening-and-night-shift-1
Live Dealer (English or Spanish),SoftConstruct,24 July 2020,Yerevan,https://staff.am/en/live-dealer-english-or-spanish-1
Purchasing and Business Department Manager,Globbing,24 July 2020,Yerevan,https://staff.am/en/purchasing-and-business-department-manager-7
Հեռախոսազանգերի կենտրոնի Տեղեկատվական խմբի ղեկավար,ID Bank CJSC,10 July 2020,Yerevan,https://staff.am/en/heraxosazangeri-kentroni-tegekatvakan-xmbi-gekavar-1
Product Manager,Webb Fontaine Holding LLC,24 July 2020,Yerevan,https://staff.am/en/product-manager-155
Mid/PHP developer,Taxi Armenia LLC,24 July 2020,Yerevan,https://staff.am/en/midphp-developer
Node.js Developer,All.me LLC,02 July 2020,Yerevan,https://staff.am/en/nodejs-developer-77
Շուկայի զարգացման պատասխանատու,ՇԻՆԱՐԱՐԱԿԱՆ ՍՊԸ,24 July 2020,Yerevan,https://staff.am/en/sukayi-zargacman-patasxanatu-30
Data analyst,buymie,24 July 2020,Yerevan,https://staff.am/en/data-analyst-53
 Sales and Service Specialist ,Ucom CJSC,15 July 2020,Yerevan,https://staff.am/en/sales-and-service-specialist-37
Ինժեներ,Mikshin,24 July 2020,Yerevan,https://staff.am/en/inzener-28
National Programme Policy Officer (School Meals Programme Implementation),UNITED NATIONS WORLD FOOD PROGRAMME - ARMENIA,08 July 2020,Yerevan,https://staff.am/en/national-programme-policy-officer-school-meals-programme-implementation
թվային գունավոր տպագրության սարքավորման օպերատոր/մասնագետ,"""LIMUSH"" Printing House",24 July 2020,Yerevan,https://staff.am/en/tvayin-gunavor-tpagrutyan-sarkavorman-operatormasnaget
Աշխղեկ,Mikshin,24 July 2020,Yerevan,https://staff.am/en/asxgek-2
.Net Developer (full stack),Praemium RA LLC,24 July 2020,Yerevan,https://staff.am/en/net-developer-full-stack-30
Graphic Designer ,Haypost CJSC,24 July 2020,Yerevan,https://staff.am/en/graphic-designer-366
C# Developer,PicsArt,30 June 2020,Yerevan,https://staff.am/en/mid-level-c-developer
Security Officer,Inecobank CJCS,24 July 2020,Yerevan,https://staff.am/en/security-officer-19
Accountant and Financial Controller,VG LLC,20 July 2020,Yerevan,https://staff.am/en/accountant-464
Sales/service management,Հայաստանի ֆուտբոլի ֆեդերացիա,24 July 2020,Yerevan,https://staff.am/en/salesservice-management
Linux Systems Administrator,IFCMARKETS.CORP.,02 July 2020,Yerevan,https://staff.am/en/linux-systems-administrator-12
Human Rights Expert,UNDP Armenia Office,04 July 2020,Yerevan,https://staff.am/en/human-rights-expert
Customer Support Representative ,Տուն Սերվիս ՍՊԸ,24 July 2020,Yerevan,https://staff.am/en/customer-support-representative-26
Unity Developer,SoftConstruct,24 July 2020,Yerevan,https://staff.am/en/unity-developer-29
Մատակարար,ՍԻԷԼԷՅ ,24 July 2020,Yerevan,https://staff.am/en/matakarar-12
Targeted Marketing Junior Specialist,Digitain ,24 July 2020,Yerevan,https://staff.am/en/targeted-marketing-junior-specialist
Accountant Intern,Assets CJSC,24 July 2020,Yerevan,https://staff.am/en/accountant-intern
QA Engineer,SoftConstruct,24 July 2020,Yerevan,https://staff.am/en/qa-engineer-506
Payment Specialist,Digitain ,24 July 2020,Yerevan,https://staff.am/en/payment-specialist-10
Որակի վերահսկիչ,Atenk Ltd,16 July 2020,Yerevan,https://staff.am/en/oraki-verahskic-12
Մեխանիկ,Atenk Ltd,15 July 2020,Yerevan,https://staff.am/en/mexanik-36
Technologist ,Atenk Ltd,08 July 2020,Yerevan,https://staff.am/en/technologist-8
Mid Level Java Developer,AOByte,24 July 2020,Yerevan,https://staff.am/en/mid-level-java-developer-24
Seroond Schools Assistant Instructional Designer,Teach For Armenia,08 July 2020,Ijevan,https://staff.am/en/seroond-schools-assistant-instructional-designer
Senior Customer Support Representative,DISQO,23 July 2020,Yerevan,https://staff.am/en/senior-customer-support-representative
Senior Java Engineer,DISQO,23 July 2020,Yerevan,https://staff.am/en/senior-java-engineer-6
Survey Programmer,DISQO,23 July 2020,Yerevan,https://staff.am/en/survey-programmer
Junior Full Stack Web Engineer (m/f/d) Remote Management,TeamViewer Armenia,23 July 2020,Yerevan,https://staff.am/en/junior-full-stack-web-engineer-mfd-remote-management-1
Խնդրահարույց ակտիվների հետ աշխատանքի ստորաբաժանման աշխատակից,ԿՐԵԴՈ ՖԻՆԱՆՍ ՈՒՎԿ ՓԲԸ,23 July 2020,Yerevan,https://staff.am/en/xndraharuyc-aktivneri-het-asxatanki-storabazanman-asxatakic
(Senior) Software Engineer (m/f/d) with focus on Security,TeamViewer Armenia,23 July 2020,Yerevan,https://staff.am/en/senior-software-engineer-mfd-with-focus-on-security-9
Վաճառքի մասնագետ,Autofan,23 July 2020,Yerevan,https://staff.am/en/vacarki-masnaget-48
Full Stack Web Developer,WIC WorldCom International ,23 July 2020,Yerevan,https://staff.am/en/full-stack-web-developer-92
IT Project Manager (Programmer),Partner Company,23 July 2020,Yerevan,https://staff.am/en/it-project-manager-83
Accountant,Epiroc Armenia LLC,01 July 2020,Yerevan,https://staff.am/en/accountant-461
Technical Content Developer,National Instruments AM LLC,23 July 2020,Yerevan,https://staff.am/en/content-developer-4
Marketing Specialist,Synergy International Systems,23 July 2020,Yerevan,https://staff.am/en/marketing-specialist-215
Senior .NET Developer,BlueNet,23 July 2020,Yerevan,https://staff.am/en/senior-net-developer-159
Head of Marketing Department,ԶՈԼՈՏՈԵ ՊՈԼԵ ՍՊԸ,23 July 2020,Yerevan,https://staff.am/en/head-of-marketing-department-21
Web Backend Developer,Codics Software Producers,14 July 2020,Yerevan,https://staff.am/en/web-backend-developer-14
Web Frontend Developer,Codics Software Producers,14 July 2020,Yerevan,https://staff.am/en/web-frontend-developer-11
Լոգիստ-մենեջեր,Ֆասթ ՍՊԸ,23 July 2020,Yerevan,https://staff.am/en/logist-menejer-37
Supply specialist,Greenhouse Engineering LLC,23 July 2020,Yerevan,https://staff.am/en/supply-specialist-3
Graphic Designer,SoftConstruct,23 July 2020,Yerevan,https://staff.am/en/illustrator-30
Payments Expert,DataArt Armenia,23 July 2020,Yerevan,https://staff.am/en/payments-expert
Customer Support Specialist - English language,TT soft,23 July 2020,Yerevan,https://staff.am/en/customer-support-specialist-english-language-1
Debt Collection Specialist,Գուդկրեդիտ ՈւՎԿ ՓԲԸ,23 July 2020,Yerevan,https://staff.am/en/debt-collection-specialist-12
Info Consultant,Evocabank,13 July 2020,Vanadzor,https://staff.am/en/info-consultant-3
Relationship Manager,Exinity Group,23 July 2020,Yerevan,https://staff.am/en/relationship-manager-5
Head of Customer Service / Armenia,Exinity Group,23 July 2020,Yerevan,https://staff.am/en/head-of-customer-service-armenia
IT Security Engineer,SoftConstruct,22 July 2020,Yerevan,https://staff.am/en/it-security-engineer-6
Talent Acquisition Specialist,Evolution Gaming,05 July  2020,Yerevan,https://staff.am/en/talent-acquisition-specialist-16
SME Business Product Planning and Management Team Specialist,ACBA-CREDIT AGRICOLE BANK CJSC,23 July 2020,Yerevan,https://staff.am/en/sme-business-product-planning-and-management-team-specialist
Information security compliance officer,Digitain ,23 July 2020,Yerevan,https://staff.am/en/information-security-compliance-officer-1
Information security officer,Digitain ,23 July 2020,Yerevan,https://staff.am/en/information-security-officer-15
iOS developer,Telcell CJSC,20 July 2020,Yerevan,https://staff.am/en/ios-developer-226
Android developer,Telcell CJSC,20 July 2020,Yerevan,https://staff.am/en/android-developer-246
UI/UX Designer,MentorcliQ,22 July 2020,Yerevan,https://staff.am/en/uiux-designer-368
C++ Engineer,PicsArt,30 June 2020,Yerevan,https://staff.am/en/c-engineer-4
QA Engineer,IndexBoard,22 July 2020,Yerevan,https://staff.am/en/qa-engineer-503
Sales manager,Telecom,22 July 2020,Yerevan,https://staff.am/en/sales-manager-408
QA Engineer,Digitain ,06 July 2020,Yerevan,https://staff.am/en/qa-engineer-500
SME Department of the Ministry of Economy is looking for an expert,ՀՀ Էկոնոմիկայի նախարարություն,30 June 2020,Yerevan,https://staff.am/en/sme-department-of-the-ministry-of-economy-is-looking-for-an-expert
Քիմիկ,Սերտիֆիկացման միջազգային կենտրոն ՍՊԸ,22 July 2020,Yerevan,https://staff.am/en/kimik
Security and fire systems specialist,Locator CJSC,22 July 2020,Yerevan,https://staff.am/en/security-and-fire-systems-specialist-1
Internal monitoring specialist,Easy Pay LLC,22 July 2020,Yerevan,https://staff.am/en/internal-monitoring-specialist
Project Manager,Codics Software Producers,10 July 2020,Yerevan,https://staff.am/en/project-manager-262
Full Stack .Net Developer,Margasoft Corp,22 July 2020,Yerevan,https://staff.am/en/full-stack-net-developer-20
Quality Assurance and Testing Specialist,ID Bank CJSC,12 July 2020,Yerevan,https://staff.am/en/quality-assurance-and-testing-specialist
Internal Audit Specialist,SoftConstruct,06 July 2020,Yerevan,https://staff.am/en/internal-audit-specialist-34
Senior Sitecore Developer,DataArt Armenia,22 July 2020,Yerevan,https://staff.am/en/senior-sitecore-developer
"Embedded Software Engineer, Communications Services",DataArt Armenia,22 July 2020,Yerevan,https://staff.am/en/embedded-software-engineer-communications-services
Senior Programmer,ACRA CREDIT REPORTING CJSC,06 July 2020,Yerevan,https://staff.am/en/senior-programmer-2
Video Surveillance Specialist (mixed shifts),SoftConstruct,30 June 2020,Yerevan,https://staff.am/en/video-surveillance-specialist-mixed-shifts-6
Senior PHP Software Engineer,MentorcliQ,22 July 2020,Yerevan,https://staff.am/en/senior-php-software-engineer-4
QA Engineer,ACRA CREDIT REPORTING CJSC,06 July 2020,Yerevan,https://staff.am/en/qa-engineer-499
Պրեսելլեր,Derjava,22 July 2020,Yerevan,https://staff.am/en/preseller-67
Data Engineer,Webb Fontaine Holding LLC,22 July 2020,Yerevan,https://staff.am/en/data-engineer-51
Senior QA engineer,RedKiteLLC,22 July 2020,Yerevan,https://staff.am/en/senior-qa-engineer-160
Հարկային հաշվառման խմբի ղեկավար,Veolia Armenia,20 July 2020,Yerevan,https://staff.am/en/harkayin-hasvarman-xmbi-gekavar
Intern,Vardanyan & Partners,22 July 2020,Yerevan,https://staff.am/en/intern-28
Online Sales & Delivery Specialist,LEVI'S,10 July 2020,Yerevan,https://staff.am/en/online-sales-delivery-specialist
"Հաճախորդների սպասարկման մասնագետ, ք. Մասիս",«ՎՏԲ-Հայաստան Բանկ»,30 June 2020,Masis,https://staff.am/en/hacaxordneri-spasarkman-masnaget-k-masis
"Հաճախորդների սպասարկման մասնագետ, ք. Էջմիածին",«ՎՏԲ-Հայաստան Բանկ»,30 June 2020,Vagharshapat,https://staff.am/en/hacaxordneri-spasarkman-masnaget-k-ejmiacin-4
Content Writer / Project Writer - Internship - NATIVE LEVEL ENGLISH ,Willing & Able Operations LLC,20 July 2020,Yerevan,https://staff.am/en/content-writer-project-writer-internship-native-level-english-34
INTERNSHIP 6 Month: Graphic Designer,Willing & Able Operations LLC,20 July 2020,Yerevan,https://staff.am/en/internship-6-month-graphic-designer-12
INTERNSHIP 6 Month: UI/UX Designer,Willing & Able Operations LLC,20 July 2020,Yerevan,https://staff.am/en/internship-6-month-uiux-designer-24
NATIVE SPEAKER German Content Writer / German Desk - Internship,Willing & Able Operations LLC,20 July 2020,Yerevan,https://staff.am/en/native-speaker-german-content-writer-german-desk-internship-16
WordPress Developer (ENGLISH IS WORKING LANGUAGE),Willing & Able Operations LLC,20 July 2020,Yerevan,https://staff.am/en/wordpress-developer-english-is-working-language-31
NATIVE SPEAKER GERMAN Office Employee / Academical Writer,Willing & Able Operations LLC,20 July 2020,Yerevan,https://staff.am/en/native-speaker-german-office-employee-academical-writer-16
Content Writer / Project Writer - Internship - NATIVE LEVEL ENGLISH ,Willing & Able Operations LLC,20 July 2020,Yerevan,https://staff.am/en/content-writer-project-writer-internship-native-level-english-31
WordPress Plugin Developer,Willing & Able Operations LLC,20 July 2020,Yerevan,https://staff.am/en/wordpress-plugin-developer-78
Back-end Developer Internship (6 month),Willing & Able Operations LLC,20 July 2020,Yerevan,https://staff.am/en/back-end-developer-internship-3-6-month-58
Experienced Trainer for Intensive Social Media Marketing (SMM) Course / Training,Willing & Able Operations LLC,20 July 2020,Yerevan,https://staff.am/en/experienced-trainer-for-intensive-social-media-marketing-smm-course-training-16
Experienced Trainer for UX Design and Web Application Design (Training for Staff),Willing & Able Operations LLC,20 July 2020,Yerevan,https://staff.am/en/experienced-trainer-for-ux-design-and-web-application-design-training-for-staff-12
Specialist 1C (8.3 program),ՇԻՆԱՐԱՐԱԿԱՆ ՍՊԸ,19 July 2020,Yerevan,https://staff.am/en/specialist-1c-83-program
Customer Service Specialist(night shift job),Commonwealth Casualty Company,19 July 2020,Yerevan,https://staff.am/en/customer-service-specialistnight-shift-job-3
Վարորդ,AREGAK UCO CJSC,03 July 2020,Ashotsk,https://staff.am/en/varord-39
Գրասենյակի օգնական,AREGAK UCO CJSC,03 July 2020,Ashotsk,https://staff.am/en/grasenyaki-ognakan-4
Հաշվետար,Մեհրաբյան և որդիներ ՍՊԸ,19 July 2020,Yerevan,https://staff.am/en/hasvetar-51
Human Resources Expert,International Development Group LLC,17 July 2020,Yerevan,https://staff.am/en/human-resources-expert
Graphic designer,IMEX GROUP,19 July 2020,Yerevan,https://staff.am/en/graphic-designer-365
Marketing Specialist,IMEX GROUP,19 July 2020,Yerevan,https://staff.am/en/marketing-specialist-214
Security worker,IMEX GROUP,19 July 2020,Yerevan,https://staff.am/en/security-worker-3
Senior Golang Developer,All.me LLC,15 July 2020,Yerevan,https://staff.am/en/senior-golang-developer-7
"Designer, packaging construction, sample maker",TIARA LLC,19 July 2020,Yerevan,https://staff.am/en/designer-packaging-construction-sample-maker-1
UI/UX Designer,Routetitan,19 July 2020,Yerevan,https://staff.am/en/uiux-designer-392
Sponsorship Assistant,World Vision Armenia,03 July 2020,Aparan,https://staff.am/en/sponsorship-assistant-7
Project Manager,WEBIHUB,19 July 2020,Yerevan,https://staff.am/en/project-manager-259
Java Engineer (Game),Rockbite Games,19 July 2020,Yerevan,https://staff.am/en/java-engineer-game-4
Հաշվապահ-հաշվետար,Հայաստանում ֆրանսիական համալսարան/ French University in Armenia (UFAR),02 July 2020,Yerevan,https://staff.am/en/hasvapah-hasvetar-8
Administrative Officer,World Vision Armenia,30 June 2020,Yerevan,https://staff.am/en/administrative-officer
Մարքեթինգի բաժնի պատասխանատու,ASEDL LLC,19 July 2020,Yerevan,https://staff.am/en/marketingi-bazni-patasxanatu-6
Senior QA Automation Engineer,Polixis,19 July 2020,Yerevan,https://staff.am/en/senior-qa-automation-engineer-14
PHP / Laravel developer,X-TECH Creative Studio,19 July 2020,Yerevan,https://staff.am/en/php-laravel-developer-36
Junior Database Administrator,ACBA-CREDIT AGRICOLE BANK CJSC,19 July 2020,Yerevan,https://staff.am/en/junior-database-administrator-6
Android developer,All.me LLC,02 July 2020,Yerevan,https://staff.am/en/android-developer-243
Mid React.js developer,Cypress,19 July 2020,Yerevan,https://staff.am/en/mid-reactjs-developer-7
Web & Graphic Designer,ONEX LLC,19 July 2020,Yerevan,https://staff.am/en/web-graphic-designer
Senior Android Developer (m/f/d) Pilot,TeamViewer Armenia,19 July 2020,Yerevan,https://staff.am/en/senior-android-developer-mfd-pilot-12
Senior C++ Engineer (m/f/d) IoT,TeamViewer Armenia,19 July 2020,Yerevan,https://staff.am/en/senior-c-engineer-mfd-iot-9
German teacher,Հայաստանում Եվրոպական Վարժարան հիմնադրամ,18 July 2020,Yerevan,https://staff.am/en/german-teacher
Учитель русского языка,Հայաստանում Եվրոպական Վարժարան հիմնադրամ,18 July 2020,Yerevan,https://staff.am/en/ucitel-russkogo-azyka-3
Business Process Specialist,Digitain ,18 July 2020,Yerevan,https://staff.am/en/business-process-specialist-15
Financial Internal Auditor,Digitain ,18 July 2020,Yerevan,https://staff.am/en/financial-internal-auditor-15
Հաշվետար,EmexAuto,18 July 2020,Yerevan,https://staff.am/en/hasvetar-48
Պայմանագրային բաժնի մասնագետ,«Արմենիան Լիզինգ Քամփնի» ՈՒՎԿ ՓԲԸ,17 July 2020,Yerevan,https://staff.am/en/paymanagrayin-bazni-masnaget
Senior Backend Engineer,PicsArt,30 June 2020,Yerevan,https://staff.am/en/senior-backend-engineer-1
 accountant,Constant Consulting,30 June 2020,Yerevan,https://staff.am/en/accountant-460
Full stack web developer,SmartSoft LLC,18 July 2020,Yerevan,https://staff.am/en/full-stack-web-developer-89
Senior iOS/MacOS Developer (m/f/d) Pilot,TeamViewer Armenia,18 July 2020,Yerevan,https://staff.am/en/senior-iosmacos-developer-mfd-pilot-3
Senior .Net Developer,Fast Shift LLC,18 July 2020,Yerevan,https://staff.am/en/senior-net-developer-152
Junior Business Process Specialist,SoftConstruct,02 July 2020,Yerevan,https://staff.am/en/junior-business-process-manager
IT Business Analyst ,Webb Fontaine Holding LLC,18 July 2020,Yerevan,https://staff.am/en/it-business-analyst-39
Customer care,SHIPEX,18 July 2020,Yerevan,https://staff.am/en/customer-care-5
Senior Go Developer (Backend),ООО ГК В приоритете,18 July 2020,Yerevan,https://staff.am/en/backend-razrabotcik-5
Support Specialist,Margasoft Corp,18 July 2020,Yerevan,https://staff.am/en/support-specialist-10
German Speaking Sales Representative,Envirotech,18 July 2020,Yerevan,https://staff.am/en/german-speaking-sales-representative-1
Software Engineer,Vehere,18 July 2020,Yerevan,https://staff.am/en/software-engineer-65
Marketing Manager,Synergy International Systems,18 July 2020,Yerevan,https://staff.am/en/marketing-manager-134
Financial Analyst,The LOFT,18 July 2020,Yerevan,https://staff.am/en/financial-analyst-68
Android Developer-Consultаnt,All.me LLC,30 June 2020,Yerevan,https://staff.am/en/android-developer-consultant
Front-End developer,WEBIHUB,15 July 2020,Yerevan,https://staff.am/en/senior-htmlcss-developer-1
Mid C++ Developer ,Softhenge,18 July 2020,Yerevan,https://staff.am/en/mid-c-developer
Wine loving servers,In Vino,18 July 2020,Yerevan,https://staff.am/en/wine-loving-servers-7
.Net software developer,Canar,18 July 2020,Yerevan,https://staff.am/en/net-software-developer-12
Marketing Manager,ABC Pharmacia,18 July 2020,Yerevan,https://staff.am/en/marketing-manager-133
Product Manager,Seven Smarts LLC,18 July 2020,Yerevan,https://staff.am/en/product-manager-152
Medical Representative,ABC Pharmacia,18 July 2020,Yerevan,https://staff.am/en/medical-representative-36
Commercial director,Atenk Ltd,12 July 2020,Yerevan,https://staff.am/en/commercial-director-22
Group Financial Reporting Specialist,SoftConstruct,06 July 2020,Yerevan,https://staff.am/en/group-financial-reporting-specialist-10
Financial Risks Specialist,Digitain ,17 July 2020,Yerevan,https://staff.am/en/financial-risks-specialist-12
Marketing Manager (Sweden),SoftConstruct,01 July 2020,Yerevan,https://staff.am/en/marketing-manager-130
Partner Support Specialist,Digitain ,17 July 2020,Yerevan,https://staff.am/en/partner-support-specialist-1
Turkish Speaking Partner Service Specialist,Digitain ,17 July 2020,Yerevan,https://staff.am/en/turkish-speaking-partner-service-specialist-2
IT Project Manager ,ՋՈՅՆԹՈՒՀԱՅՐ ,17 July 2020,Yerevan,https://staff.am/en/it-project-manager-80
iOS developer,Varmtech,17 July 2020,Yerevan,https://staff.am/en/ios-developer-223
"JavaScript, MERN Stack Developer",Varmtech,17 July 2020,Yerevan,https://staff.am/en/javascript-mern-stack-developer-1
Finance Assistant,Holiday Inn Express Yerevan,17 July 2020,Yerevan,https://staff.am/en/finance-assistant-7
Back Office Specialist,ACBA-CREDIT AGRICOLE BANK CJSC,17 July 2020,Yerevan,https://staff.am/en/back-office-specialist-27
Customer Support Agent – English Languages (Mixed shifts),SoftConstruct,30 June 2020,Yerevan,https://staff.am/en/customer-support-agent-english-languages-mixed-shifts-1
Senior Graphic Designer,Digitain ,17 July 2020,Yerevan,https://staff.am/en/senior-graphic-designer-31
Ֆայլ պատրաստող մասնագետ,GAT Cutting LLC,17 July 2020,Yerevan,https://staff.am/en/fayl-patrastog-masnaget
Accounting Manager ,Գրանթ Թորնթոն ՓԲԸ,06 July 2020,Yerevan,https://staff.am/en/accounting-manager-6
Corporate Affairs and PR Manager ,Dexatel ,17 July 2020,Yerevan,https://staff.am/en/corporate-affairs-and-pr-manager
Senior Angular Developer,HackTech LLC,17 July 2020,Yerevan,https://staff.am/en/senior-angular-developer-7
iOS Developer,All.me LLC,30 June 2020,Yerevan,https://staff.am/en/ios-developer-221
Head of Card Issuance Unit,ID Bank CJSC,30 June 2020,Yerevan,https://staff.am/en/karteri-togarkman-bazni-gekavar
Logistics Operator,Aras Food LLC,13 July 2020,Yerevan,https://staff.am/en/logistics-operator-6
Լawyer,SmartCredit UCO LLC,17 July 2020,Yerevan,https://staff.am/en/lawyer-79
Junior CRM Specialist,Digitain ,17 July 2020,Yerevan,https://staff.am/en/junior-crm-specialist
Front-end Deleloper,Aratours Travel Services LLC,16 July 2020,Yerevan,https://staff.am/en/web-designer-71
User Success Specialist,PicsArt,30 June 2020,Yerevan,https://staff.am/en/user-success-specialist
Sales Manager,ERC Distribution Georgia,16 July 2020,Yerevan,https://staff.am/en/sales-manager-404
Sales Consultant,Consel LLC,16 July 2020,Yerevan,https://staff.am/en/sales-consultant-274
Android Developer,Soft Vision LLC,16 July 2020,Yerevan,https://staff.am/en/android-developer-240
Պահեստապետի օգնական,Atenk Ltd,30 June 2020,Abovyan,https://staff.am/en/pahestapeti-ognakan-23
Բժշկասոցիալական փորձաքննության գրասենյակի բժշկասոցիալական փորձաքննական բաժինների բժիշկ-փորձագետ ,ՀՀ աշխատանքի և սոցիալական հարցերի նախարարություն,31 July 2020,Yerevan,https://staff.am/en/bzskasocialakan-porjaknnutyan-grasenyaki-bzskasocialakan-porjaknnakan-bazinneri-bzisk-porjaget-2
Backend Developer,Exsol LLC,16 July 2020,Yerevan,https://staff.am/en/backend-developer-31
Front-end Developer,Exsol LLC,16 July 2020,Yerevan,https://staff.am/en/front-end-developer-358
Product Owner,Synergy International Systems,16 July 2020,Yerevan,https://staff.am/en/product-owner-136
PR & SALES Manager,Decart studio,16 July 2020,Yerevan,https://staff.am/en/pr-sales-manager-4
Platform Engineer ,DISQO,16 July 2020,Yerevan,https://staff.am/en/platform-engineer-wgolang-2
"Engineering Manager, Mobile",DISQO,16 July 2020,Yerevan,https://staff.am/en/engineering-manager-mobile-6
Senior Full Stack Java Web Developer,Polixis,16 July 2020,Yerevan,https://staff.am/en/full-stack-java-developer
Հասարակայնության հետ կապերի մասնագետ,EcoVille LLC,05 July 2020,Yerevan,https://staff.am/en/hasarakaynutyan-het-kaperi-masnaget
Senior Frontend Engineer (HTML/CSS),PicsArt,30 June 2020,Yerevan,https://staff.am/en/senior-frontend-engineer-htmlcss
Full-Stack Developer ,ՋՈՅՆԹՈՒՀԱՅՐ ,16 July 2020,Yerevan,https://staff.am/en/full-stack-developer-117
Նախագծի ղեկավարի օգնական,Atenk Ltd,30 June 2020,Yerevan,https://staff.am/en/naxagci-gekavari-ognakan-7
Նախագծային բաժնի ղեկավար,«Վաելկոն» ՍՊԸ,16 July 2020,Yerevan,https://staff.am/en/naxagcayin-bazni-gekavar-2
"Ջերմագազամատակարարման և օդափոխության (HVAC) ճարտարագետ, նախագծող",«Վաելկոն» ՍՊԸ,16 July 2020,Yerevan,https://staff.am/en/jermagazamatakararman-ev-odapoxutyan-hvac-cartaraget-naxagcog
Unity 3D Team Lead,Digitain ,16 July 2020,Yerevan,https://staff.am/en/unity-3d-team-lead-1
Projects Implementation Manager,Digitain ,12 July 2020,Yerevan,https://staff.am/en/projects-implementation-manager-6
B2B Account Manager,Digitain ,12 July 2020,Yerevan,https://staff.am/en/b2b-account-manager
Full Stack Web/WordPress Developer,NOORLOGIC LLC,15 July 2020,Yerevan,https://staff.am/en/full-stack-web-developer-86
Support Specialist (With knowledge of Portuguese),All.me LLC,30 June 2020,Yerevan,https://staff.am/en/support-specialist-with-knowledge-of-portuguese-1
IT Technical Support Specialist,Digitain ,15 July 2020,Yerevan,https://staff.am/en/it-technical-support-specialist-22
Technical Writer,SoftConstruct,15 July 2020,Yerevan,https://staff.am/en/technical-content-writer-3
Production manager,ASEDL LLC,15 July 2020,Yerevan,https://staff.am/en/production-manager-16
Reporting Analyst,WEBIHUB,15 July 2020,Yerevan,https://staff.am/en/reporting-analyst-18
Senior Customer Care Specialist,Krisp,15 July 2020,Yerevan,https://staff.am/en/senior-customer-care-specialist-37
Sales Executive ,Synergy International Systems,15 July 2020,Yerevan,https://staff.am/en/sales-executive-11
Back-end Developer,Cypress,12 July 2020,Yerevan,https://staff.am/en/senior-nodejs-developer-60
Illustrator,Renderforest,15 July 2020,Yerevan,https://staff.am/en/illustrator-27
Chief Operating Officer,Armenian Code Academy ,15 July 2020,Yerevan,https://staff.am/en/chief-operating-officer-6
 Kubernetes/Spring Engineer,Rockbite Games,01 July 2020,Yerevan,https://staff.am/en/kubernetesspring-engineer
 Technical Support Specialist,BlueNet,15 July 2020,Yerevan,https://staff.am/en/technical-support-specialist-108
Project Coordinator,Armenian Code Academy ,15 July 2020,Yerevan,https://staff.am/en/project-coordinator-36
Junior Digital Marketing Specialist,eworld,15 July 2020,Yerevan,https://staff.am/en/junior-digital-marketing-specialist-4
Senior Software Tester ,Macadamian AR,15 July 2020,Yerevan,https://staff.am/en/senior-software-tester-1
Senior Software Developer,Macadamian AR,15 July 2020,Yerevan,https://staff.am/en/senior-software-developer-24
Media Planning Specialist,Digitain ,01 July 2020,Yerevan,https://staff.am/en/media-planning-specialist-5
Customer Support Agent – Swedish Languages (Mixed shifts),SoftConstruct,30 June 2020,Yerevan,https://staff.am/en/customer-support-agent-swedish-languages-mixed-shifts-1
Mid/Senior PHP Developer,WeemTech,15 July 2020,Yerevan,https://staff.am/en/midsenior-php-developer
Customer Support Agent – German Language (Mixed shifts),SoftConstruct,30 June 2020,Yerevan,https://staff.am/en/customer-support-agent-german-language-mixed-shifts-9
Վաճառքի տնօրեն,Flash,15 July 2020,Yerevan,https://staff.am/en/vacarki-tnoren-4
Վարկային մասնագետ Սիսիան մասնաճյուղում,SEF International UCO ,30 June 2020,Sisian,https://staff.am/en/varkayin-masnaget-sisian-masnacyugum-1
1C System Developer,IMEX GROUP,15 July 2020,Yerevan,https://staff.am/en/1c-system-developer-3
Տարածքային վաճառքի մենեջեր,360° ՇԻՆԲԱԶԱ,15 July 2020,Yerevan,https://staff.am/en/tarackayin-vacarki-menejer-1
Kotlin Software Engineer,Essential,15 July 2020,Yerevan,https://staff.am/en/senior-java-software-engineer-67
Շինարարության և գույքային ապահովման կազմակերպման պատասխանատու ,Digitain ,15 July 2020,Yerevan,https://staff.am/en/sinararutyan-ev-guykayin-apahovman-kazmakerpman-patasxanatu
Senior .NET Developer,VOLO,12 July 2020,Yerevan,https://staff.am/en/senior-net-developer-149
Web developer,IMEX GROUP,15 July 2020,Yerevan,https://staff.am/en/web-developer-104
Assistant Project Manager,SoftConstruct,30 June 2020,Yerevan,https://staff.am/en/assistant-project-manager-4
Digital Marketing Specialist ,WIC WorldCom International ,14 July 2020,Yerevan,https://staff.am/en/digital-marketing-specialist-210
User Acquisition Manager,Zoomerang,14 July 2020,Yerevan,https://staff.am/en/user-acquisition-manager
Digital Marketing Specialist,Zoomerang,14 July 2020,Yerevan,https://staff.am/en/digital-marketing-specialist-207
SMM specialist,Zoomerang,14 July 2020,Yerevan,https://staff.am/en/smm-specialist-327
Senior Front-End Engineer,Ultralabs AM,13 July 2020,Yerevan,https://staff.am/en/senior-front-end-engineer-15
Lead Software Engineer,Ultralabs AM,13 July 2020,Yerevan,https://staff.am/en/lead-software-engineer-7
Telephone Survey Specialist,Adjarabet.am,30 June 2020,Yerevan,https://staff.am/en/telephone-survey-specialist-6
Customer Retention Manager,Adjarabet.am,15 July 2020,Yerevan,https://staff.am/en/casino-crm-9
 Team Manager (m/f/d) Remote Management,TeamViewer Armenia,13 July 2020,Yerevan,https://staff.am/en/team-manager-mfd-remote-management
Full stack developer (Laravel+Vue.JS),Algorithm Solutions LLC,12 July 2020,Yerevan,https://staff.am/en/full-stack-developer-laravelvuejs
Chief Accountant,՞Հիմա՞ ՈՒՎԿ ՍՊԸ,01 July 2020,Yerevan,https://staff.am/en/chief-accountant-81
Technical Designer,Digitain ,12 July 2020,Yerevan,https://staff.am/en/technical-designer-10
Customer Support Agent – Ukrainian Language (Mixed shifts),SoftConstruct,30 June 2020,Yerevan,https://staff.am/en/customer-support-agent-ukrainian-language-mixed-shifts-1
Head of transport department,IMEX GROUP,12 July 2020,Yerevan,https://staff.am/en/head-of-transport-department-1
Senior Product Designer,PicsArt,30 June 2020,Yerevan,https://staff.am/en/senior-product-designer-4
Ընդունարանի աշխատակից,Medline Clinic LLC,12 July 2020,Yerevan,https://staff.am/en/ndunarani-asxatakic-8
CFO ,Haypost CJSC,12 July 2020,Yerevan,https://staff.am/en/cfo-7
Customer Care Manager,Haypost CJSC,12 July 2020,Yerevan,https://staff.am/en/customer-care-manager-2
Ֆինանսական վերլուծաբան,Yerevan Chocolate Company CJSC,12 July 2020,Yerevan,https://staff.am/en/finansakan-verlucaban-25
Technical Support Engineer ,National Instruments AM LLC,12 July 2020,Yerevan,https://staff.am/en/technical-support-engineer-40
Հաշվապահ,Անդակո ՍՊԸ,12 July 2020,Yerevan,https://staff.am/en/hasvapah-229
Seroond Schools Project Lead,Teach For Armenia,30 June 2020,Ijevan,https://staff.am/en/seroond-schools-project-lead
Senior IT Monitoring Specialist,Digitain ,12 July 2020,Yerevan,https://staff.am/en/senior-it-monitoring-specialist-21
Senior DevOps Engineer ,Digitain ,12 July 2020,Yerevan,https://staff.am/en/senior-devops-engineer-37
Front End Developer (Mobile) ,Telcell CJSC,12 July 2020,Yerevan,https://staff.am/en/front-end-developer-mobile
.Net Developer,RedKiteLLC,12 July 2020,Yerevan,https://staff.am/en/net-developer-142
Front End Developer (ATM Terminals),Telcell CJSC,12 July 2020,Yerevan,https://staff.am/en/front-end-developer-atm-terminals
Building Permit Technician,California Permits ,11 July 2020,Yerevan,https://staff.am/en/building-permit-technician-2
Marketing Specialist,California Permits ,11 July 2020,Los Angeles,https://staff.am/en/marketing-specialist-211
Sales Agent,Reload Freight,11 July 2020,Yerevan,https://staff.am/en/sales-agent-18
Client Success Representative,MoveCo Solutions Inc,11 July 2020,Yerevan,https://staff.am/en/client-success-representative-4
Customer Service Specialist (Meghri branch),ACBA-CREDIT AGRICOLE BANK CJSC,30 June 2020,Meghri,https://staff.am/en/customer-service-specialist-71
Միջազգային բեռնափոխադրումների մենեջեր,Fairyland Group,11 July 2020,Yerevan,https://staff.am/en/mijazgayin-bernapoxadrumneri-menejer-1
SMM Specialist,Haypost CJSC,11 July 2020,Yerevan,https://staff.am/en/smm-specialist-325
UI/UX designer ,Fast Shift LLC,11 July 2020,Yerevan,https://staff.am/en/uiux-designer-386
Senior Database Administrator,Ucom CJSC,11 July 2020,Yerevan,https://staff.am/en/senior-database-administrator-6
Office coordinator, Children of Armenia Charitable Fund,30 June 2020,Yerevan,https://staff.am/en/office-coordinator-6
Full Stack Developer,ModelManagement,11 July 2020,Yerevan,https://staff.am/en/full-stack-developer-114
Իրավաբան,Digitain ,11 July 2020,Yerevan,https://staff.am/en/iravaban-71
Import Specialist,Մեգա Ֆուդ ՍՊԸ,11 July 2020,Yerevan,https://staff.am/en/import-specialist-28
Product Development Manager,Digitain ,11 July 2020,Yerevan,https://staff.am/en/product-development-manager
Cashier,Black Star Burger Armenia,11 July 2020,Yerevan,https://staff.am/en/chief-head-cook
"Business Intelligence Engineer, Healthcare Communications Solutions",DataArt Armenia,30 June 2020,Yerevan,https://staff.am/en/business-intelligence-engineer-healthcare-communications-solutions
Մոնտաժող,Tert.am,30 June 2020,Yerevan,https://staff.am/en/montazog-4
Հաշվապահ,Digitain ,01 July 2020,Yerevan,https://staff.am/en/hasvapah-227
Վաճառող խորհրդատու,360° ՇԻՆԲԱԶԱ,11 July 2020,Yerevan,https://staff.am/en/vacarog-xorhrdatu-68
Գանձապահ,360° ՇԻՆԲԱԶԱ,11 July 2020,Yerevan,https://staff.am/en/ganjapah-36
Business Development Manager,WIC WorldCom International ,10 July 2020,Yerevan,https://staff.am/en/business-development-manager-41
Narrative Designer / Screenwriter,Playrix AM,10 July 2020,Yerevan,https://staff.am/en/narrative-designer-screenwriter
3D Generalist,Digitain ,10 July 2020,Yerevan,https://staff.am/en/3d-generalist
Game Designer / Level Designer ,Playrix AM,10 July 2020,Yerevan,https://staff.am/en/game-designer-level-designer
Customer Support Specialist,WIC WorldCom International ,10 July 2020,Yerevan,https://staff.am/en/customer-support-specialist-88
Գանձապահ` «Վանաձոր» մասնաճյուղում,Fast Credit Capital UCO CJSC,10 July 2020,Vanadzor,https://staff.am/en/ganjapah-vanajor-masnacyugum-1
Angular Developer,Viveo Health,10 July 2020,Yerevan,https://staff.am/en/angular-developer-49
Cook for Middle eastern cuisine,Partner Company,10 July 2020,Yerevan,https://staff.am/en/cook-for-middle-eastern-cuisine
Cook for Italian cuisine,Partner Company,10 July 2020,Yerevan,https://staff.am/en/cook-for-italian-cuisine
Chef For Food Delivery Service,Partner Company,10 July 2020,Yerevan,https://staff.am/en/chef-for-food-delivery-service
Junior Accountant,Triple Consulting,10 July 2020,Yerevan,https://staff.am/en/junior-accountant-14
"Senior Software Engineer, Front-End",MentorcliQ,10 July 2020,Yerevan,https://staff.am/en/senior-software-engineer-front-end-4
SENIOR SOFTWARE DEVELOPER PHP / MYSQL (M/F/D),Powerdata,10 July 2020,Yerevan,https://staff.am/en/senior-software-developer-php-mysql-mfd-1
(SENIOR) DATA/DATABASE ARCHITECT (M/F/D),Powerdata,10 July 2020,Yerevan,https://staff.am/en/senior-datadatabase-architect-mfd-9
(SENIOR) DEVOPS ENGINEER (M/F/D),Powerdata,10 July 2020,Yerevan,https://staff.am/en/senior-devops-engineer-mfd-1
(SENIOR) SOFTWARE/AWS ARCHITECT (M/F/D),Powerdata,10 July 2020,Yerevan,https://staff.am/en/senior-softwareaws-architect-mfd-1
Software Developer,UNICOMP CJSC,10 July 2020,Yerevan,https://staff.am/en/software-developer-74
Logistics-cordinator,Assets CJSC,10 July 2020,Yerevan,https://staff.am/en/logistics-cordinator-1
Import specialist,Atenk Ltd,14 July 2020,Yerevan,https://staff.am/en/import-specialist-27
 Linux/Unix Administrator,Ucom CJSC,10 July 2020,Yerevan,https://staff.am/en/linuxunix-administrator-1
 Fraud and revenue assurance analyst,Ucom CJSC,10 July 2020,Yerevan,https://staff.am/en/fraud-and-revenue-assurance-analyst-12
Technical Program Manager ,Workfront Armenia,10 July 2020,Yerevan,https://staff.am/en/technical-program-manager-4
Audit Intern,Ernst and Young CJSC (EY),09 July 2020,Yerevan,https://staff.am/en/audit-intern
Associate Product Owner,Synergy International Systems,09 July 2020,Yerevan,https://staff.am/en/associate-product-owner-1
Head of Technical (Monitoring) Support Team,Telcell CJSC,09 July 2020,Yerevan,https://staff.am/en/head-of-technical-support-team-4
Logistics Coordinator ,ArcaTrans,08 July 2020,Yerevan,https://staff.am/en/logistics-coordinator-5
Վերստուգող,ԿՐԵԴՈ ՖԻՆԱՆՍ ՈՒՎԿ ՓԲԸ,09 July 2020,Yerevan,https://staff.am/en/verstugog-3
Live Trader,Digitain ,09 July 2020,Yerevan,https://staff.am/en/live-trader
Quality Assurance Engineer,InConcept Labs,30 June 2020,Yerevan,https://staff.am/en/quality-assurance-engineer-11
Full-stack JavaScript developer,InConcept Labs,30 June 2020,Yerevan,https://staff.am/en/full-stack-javascript-developer-25
 Billing systems support specialist,VEON Armenia CJSC,09 July 2020,Yerevan,https://staff.am/en/billing-systems-support-specialist
Content and SMM Specialist,DIMARK Internet Marketing,30 June 2020,Yerevan,https://staff.am/en/content-and-smm-manager-5
Հաշվապահ,Liqvor CJSC,09 July 2020,Yerevan,https://staff.am/en/accountant-448
Innovation Strategist,FAST,09 July 2020,Yerevan,https://staff.am/en/innovation-strategist
Research Analyst,FAST,09 July 2020,Yerevan,https://staff.am/en/research-analyst-12
Operations Manager,Evolution Gaming,30 June 2020,Yerevan,https://staff.am/en/operations-manager-14
Sales manager,Garage Masters' Mall,09 July 2020,Yerevan,https://staff.am/en/sales-manager-398
Experienced .NET Developer,VOLO,03 July 2020,Yerevan,https://staff.am/en/experienced-net-developer-10
Business Risk Services Consultant / IT Auditor,Գրանթ Թորնթոն ՓԲԸ,09 July 2020,Yerevan,https://staff.am/en/business-risk-services-consultant-it-auditor
PHP Developer ,ՋՈՅՆԹՈՒՀԱՅՐ ,09 July 2020,Yerevan,https://staff.am/en/php-developer-199
DevOps Engineer,TIDEPOOL LABS,09 July 2020,Yerevan,https://staff.am/en/devops-engineer-240
Հաճախորդների սպասարկան մասնագետ,Էվրի Դեյ ՓԲԸ,09 July 2020,Yerevan,https://staff.am/en/hacaxordneri-spasarkan-masnaget
Customer Support Specialist,Digitain ,09 July 2020,Yerevan,https://staff.am/en/customer-support-specialist-85
Senior QA Engineer,Inecobank CJCS,08 July 2020,Yerevan,https://staff.am/en/senior-qa-engineer-143
Merchandiser,ԿՈՒԲ ԳՐՈՒՊ ՍՊԸ,09 July 2020,Yerevan,https://staff.am/en/merchandiser-28
Operations & Finance Manager,International Development Group LLC,30 June 2020,Yerevan,https://staff.am/en/operations-finance-manager-4
IT Business Manager,Web Projects,08 July 2020,Yerevan,https://staff.am/en/it-business-manager-10
Senior UI/UX Designer - UCRAFT,SoftConstruct,08 July 2020,Yerevan,https://staff.am/en/uiux-designer-ucraft-10
Store Manager,Swarovski Partner Store Yerevan,08 July 2020,Yerevan,https://staff.am/en/store-manager-31
Որակի կառավարման համակարգի մասնագետ,Սերտիֆիկացման միջազգային կենտրոն ՍՊԸ,08 July 2020,Yerevan,https://staff.am/en/oraki-karavarman-hamakargi-masnaget
Key Account Manager,BeSofted Group,08 July 2020,Yerevan,https://staff.am/en/key-account-manager-8
Engineer-Designer,Melinet,05 July 2020,Yerevan,https://staff.am/en/engineer-designer
UI Developer,Synergy International Systems,08 July 2020,Yerevan,https://staff.am/en/ui-developer-44
PHP developer,Rocket Systems,30 June 2020,Yerevan,https://staff.am/en/php-developer-196
WordPress Developer,Web Projects,08 July 2020,Yerevan,https://staff.am/en/wordpress-developer-83
IT Project Manager,Brainstorm Technologies,08 July 2020,Yerevan,https://staff.am/en/it-project-manager-77
Senior React.js Developer - UCRAFT,SoftConstruct,08 July 2020,Yerevan,https://staff.am/en/senior-reactjs-developer-ucraft
Շինարարության պատասխանատու,ASEDL LLC,08 July 2020,Yerevan,https://staff.am/en/sinararutyan-patasxanatu-1
IT specialist,ASEDL LLC,08 July 2020,Yerevan,https://staff.am/en/it-specialist-48
Active sales specialist,HouseNet,08 July 2020,Armavir,https://staff.am/en/active-sales-specialist-23
English Speaking IT Support Specialist,Envirotech,07 July 2020,Yerevan,https://staff.am/en/english-speaking-it-support-specialist-1
Senior React Engineer,Pangea Cloud Solutions,07 July 2020,Yerevan,https://staff.am/en/senior-react-engineer-28
Հանրային ծառայությունների և ադմինիստրատիվ աշխատանքների համակարգող,Digitain ,06 July 2020,Yerevan,https://staff.am/en/hanrayin-carayutyunneri-ev-administrativ-asxatankneri-hamakargog
Marketing and communications manager,Out Of Office Design,06 July 2020,Yerevan,https://staff.am/en/marketing-and-communications-manager
Agile Project Manager ,Intelligent Digital Technologies,06 July 2020,Yerevan,https://staff.am/en/agile-project-manager-7
Լեռնային և շինարարական տեխնիկայի սպասարկման և վերանորոգման մասնագետի (մեխանիկ),«ԻԿՕ Մաշիների» ՍՊԸ,05 July 2020,Yerevan,https://staff.am/en/lernayin-ev-sinararakan-texnikayi-spasarkman-ev-veranorogman-masnageti-mexanik
"Senior DevOps Engineer, Financial Software Solutions",DataArt Armenia,30 June 2020,Yerevan,https://staff.am/en/senior-devops-engineer-financial-software-solutions-4
NetSuite Architect,DataArt Armenia,30 June 2020,Yerevan,https://staff.am/en/netsuite-architect-4
Node.js Developer ,ՋՈՅՆԹՈՒՀԱՅՐ ,05 July 2020,Yerevan,https://staff.am/en/nodejs-developer-72
NetSuite Senior Developer,DataArt Armenia,30 June 2020,Yerevan,https://staff.am/en/netsuite-senior-developer
Civil Engineer/ AutoCAD Master ,AAB Construction,05 July 2020,Yerevan,https://staff.am/en/civil-engineer-autocad-master
SALES AND MARKETING ASSOCIATE,WineWorks,05 July 2020,Yerevan,https://staff.am/en/sales-and-marketing-associate
Android Developer,IYC technologies,05 July 2020,Yerevan,https://staff.am/en/android-developer-239
Head of digital marketing department,ALPHA FOOD SERVICE LLC,05 July 2020,Yerevan,https://staff.am/en/head-of-digital-marketing-department-4
Mid/Senior C# developer,Digitain ,01 July 2020,Yerevan,https://staff.am/en/midsenior-c-developer-37
Senior C# .Net/.Net Core Developer,Soft Vision LLC,05 July 2020,Yerevan,https://staff.am/en/senior-c-netnet-core-developer
Project Manager Assistant/Civil Engineer ,AAB Construction,05 July 2020,Yerevan,https://staff.am/en/project-manager-assistant-7
Senior UI/UX Designer,Webb Fontaine Holding LLC,05 July 2020,Yerevan,https://staff.am/en/senior-uiux-designer-45
Head of Excellence Center,Webb Fontaine Holding LLC,05 July 2020,Yerevan,https://staff.am/en/head-of-excellence-center
Վաճառքի օպերատոր,Մեգնա ՍՊԸ,05 July 2020,Yerevan,https://staff.am/en/vacarki-operator-3
HR specialst,Telecom,05 July 2020,Yerevan,https://staff.am/en/hr-specialst-1
Ավտոմատ համակարգերի շահագործման մասնագետ/ էլեկտրոնշիկ,Armenian Tobacco Company,05 July 2020,Abovyan,https://staff.am/en/avtomat-hamakargeri-sahagorcman-masnaget-elektronsik-6
Marketing Manager ,Lesona ,30 June 2020,Yerevan,https://staff.am/en/marketing-manager-127
Sales Manager,alvard vardanyan ltd,05 July 2020,Yerevan,https://staff.am/en/sales-manager-397
IOS Developer,Intelligent Digital Technologies,05 July 2020,Yerevan,https://staff.am/en/ios-developer-218
Spanish-Speaking Research Intern,Polixis,05 July 2020,Yerevan,https://staff.am/en/spanish-speaking-research-intern-1
QA Engineer,Easy Pay LLC,05 July 2020,Yerevan,https://staff.am/en/qa-engineer-490
Active (Home ) Sales Specialist,Ucom CJSC,30 June 2020,Yerevan,https://staff.am/en/active-sales-specialist-21
furniture designer,Վեգա ,30 June 2020,Yerevan,https://staff.am/en/furniture-designer-5
Frontend Team Lead,DataOwl,05 July 2020,Yerevan,https://staff.am/en/frontend-team-lead
UI/UX DESIGNER,Concept Studio,05 July 2020,Yerevan,https://staff.am/en/uiux-designer-383
QA Engineer,DataOwl,05 July 2020,Yerevan,https://staff.am/en/qa-engineer-496
Senior PHP developer,RedKiteLLC,05 July 2020,Yerevan,https://staff.am/en/senior-php-developer-63
Русскоязычный специалист Call-центра,Telecom,05 July 2020,Yerevan,https://staff.am/en/russkoazycnyj-specialist-call-centra-1
Product Designer ,ServiceTitan,05 July 2020,Yerevan,https://staff.am/en/product-designer-23
HR management and documentation junior specialist,Ucom CJSC,05 July 2020,Yerevan,https://staff.am/en/hr-management-and-documentation-junior-specialist
DevOps Engineer,FLUX Technologies,05 July 2020,Yerevan,https://staff.am/en/devops-engineer-237
Կորպորատիվ վաճառքի մասնագետ,EcoVille LLC,05 July 2020,Yerevan,https://staff.am/en/korporativ-vacarki-masnaget
Senior JavaScript Developer,FLUX Technologies,05 July 2020,Yerevan,https://staff.am/en/senior-javascript-developer-52
Manager cashier,Sport Fit,04 July 2020,Yerevan,https://staff.am/en/manager-cashier-2
Graphic Designer,10Web,04 July 2020,Yerevan,https://staff.am/en/graphic-designer-360
Senior C++ Engineer (m/f/d) Tensor,TeamViewer Armenia,04 July 2020,Yerevan,https://staff.am/en/senior-c-engineer-mfd-tensor-12
C++ Engineer (m/f/d) Remote Management,TeamViewer Armenia,04 July 2020,Yerevan,https://staff.am/en/c-engineer-mfd-remote-management-10
Senior Full Stack Developer (m/f/d) Pilot,TeamViewer Armenia,04 July 2020,Yerevan,https://staff.am/en/senior-full-stack-developer-mfd-pilot-12
Senior C++ Developer (m/f/d) Pilot,TeamViewer Armenia,04 July 2020,Yerevan,https://staff.am/en/senior-c-developer-mfd-pilot-16
Senior Test Automation Engineer (m/f/d) IoT,TeamViewer Armenia,04 July 2020,Yerevan,https://staff.am/en/senior-test-automation-engineer-mfd-iot-9
Senior Software Engineer C++(m/f/d) Core,TeamViewer Armenia,04 July 2020,Yerevan,https://staff.am/en/senior-c-engineer-mfd-hayq-16
Վարորդ (ուղևորաբեռնատար մեքենայով),Ucom CJSC,04 July 2020,Yerevan,https://staff.am/en/driver-25
Կահույքագործ-բանվոր,Էդ-Սպո ՍՊԸ (beko),04 July 2020,Yerevan,https://staff.am/en/kahuykagorc-banvor
Business Development Executive,Earlyone,04 July 2020,Yerevan,https://staff.am/en/business-development-executive-16
Insight Analyst,National Instruments AM LLC,04 July 2020,Yerevan,https://staff.am/en/insight-analyst
Computer Vision Engineer,Imea Systems,04 July 2020,Yerevan,https://staff.am/en/computer-vision-enginee
Գործառնական ղեկավար,Garage Masters' Mall,04 July 2020,Yerevan,https://staff.am/en/gorcarnakan-gekavar
Senior Node.js Developer,Imea Systems,04 July 2020,Yerevan,https://staff.am/en/senior-nodejs-developer-57
Delivery Partner Project Manager,National Instruments AM LLC,04 July 2020,Yerevan,https://staff.am/en/delivery-partner-project-manager
Content manager,ALPHA FOOD SERVICE LLC,04 July 2020,Yerevan,https://staff.am/en/content-manager-34
Systems Engineer,National Instruments AM LLC,04 July 2020,Yerevan,https://staff.am/en/systems-engineer-28
Customer Support Advocate,ServiceTitan,04 July 2020,Yerevan,https://staff.am/en/customer-support-advocate-6
Motion Graphic Designer,SoftConstruct,04 July 2020,Yerevan,https://staff.am/en/motion-graphic-designer-7
UI/UX Designer,SoftConstruct,04 July 2020,Yerevan,https://staff.am/en/uiux-designer-380
Hardware Design Engineer,Heltun Solutions LLC,04 July 2020,Yerevan,https://staff.am/en/hardware-design-engineer-3
Ներքին դիտարկումների մասնագետ,Իդրամ ՍՊԸ,03 July 2020,Yerevan,https://staff.am/en/nerkin-ditarkumneri-masnaget
Mid iOS Developer,MagicDevs LTD,03 July 2020,Yerevan,https://staff.am/en/mid-ios-developer
Mid/Senior Android Developer,MagicDevs LTD,03 July 2020,Yerevan,https://staff.am/en/senior-android-developer-98
Product Owner,Digitain ,03 July 2020,Yerevan,https://staff.am/en/product-owner-133
UI/UX Designer ,Ucom CJSC,03 July 2020,Yerevan,https://staff.am/en/uiux-designer-374
COAF SMART Business & Operations Manager, Children of Armenia Charitable Fund,30 June 2020,Vanadzor,https://staff.am/en/coaf-smart-business-operations-manager
Accountant,ՖինԹաքս Ըքաունթինգ,03 July 2020,Yerevan,https://staff.am/en/accountant-447
Data Specialist / QA Engineer,Krisp,03 July 2020,Yerevan,https://staff.am/en/data-specialist-qa-engineer-1
Senior C# Developer,CQGI MA,03 July 2020,Yerevan,https://staff.am/en/senior-c-developer-122
ՍՆՆԴԻ ՍՊԱՍԱՐԿՄԱՆ ՍՐԱՀԻ ՄԵՆԵՋԵՐ,Art Lunch,03 July 2020,Yerevan,https://staff.am/en/snndi-spasarkman-srahi-menejer
Senior .Net Developer,Intelligent Digital Technologies,03 July 2020,Yerevan,https://staff.am/en/senior-net-developer-146
Technical writer - Contract,ServiceTitan,03 July 2020,Yerevan,https://staff.am/en/technical-writer-74
Junior lawyer,Spayka LLC,30 June 2020,Yerevan,https://staff.am/en/junior-lawyer-8
Deputy Project Director,International Development Group LLC,30 June 2020,Yerevan,https://staff.am/en/deputy-project-director
 IT Business Analyst ,Praemium RA LLC,02 July 2020,Yerevan,https://staff.am/en/it-business-analyst-36
Computer Science teacher,Հայաստանում Եվրոպական Վարժարան հիմնադրամ,30 June 2020,Yerevan,https://staff.am/en/computer-science-teacher-1
Product Owner,WEBIHUB,02 July 2020,Yerevan,https://staff.am/en/product-owner-130
QA Engineer,WEBIHUB,02 July 2020,Yerevan,https://staff.am/en/qa-engineer-493
Warehouse worker,«ԷՍԷՌ ՖՈՒԴ» ՍՊԸ,30 June 2020,Yerevan,https://staff.am/en/warehouse-worker-5
Full-stack developer,Pragmatix,02 July 2020,Yerevan,https://staff.am/en/full-stack-developer-111
Full Stack JS Developer,SoftConstruct,02 July 2020,Yerevan,https://staff.am/en/full-stack-js-developer-36
PMO Specialist,FMD K&L EUROPE,02 July 2020,Yerevan,https://staff.am/en/project-management-specialist
Applications Engineer,National Instruments AM LLC,02 July 2020,Yerevan,https://staff.am/en/applications-engineer-6
Java Developer,Routetitan,02 July 2020,Yerevan,https://staff.am/en/java-dveveloper
Junior Laravel developer,HackTech LLC,02 July 2020,Yerevan,https://staff.am/en/junior-laravel-developer-6
Sales Manager (preseller),«ԷՍԷՌ ՖՈՒԴ» ՍՊԸ,30 June 2020,Yerevan,https://staff.am/en/sales-manager-preseller-1
Database Administrator,BIVAC Armenia CJSC,02 July 2020,Yerevan,https://staff.am/en/database-administrator-83
React JS Developer,BoomTech,30 June 2020,Yerevan,https://staff.am/en/react-js-developer-54
Junior accountant/Operator 1C,ՇԻՆԱՐԱՐԱԿԱՆ ՍՊԸ,01 July 2020,Yerevan,https://staff.am/en/junior-accountantoperator-1c-6
Service Manager,IMEX GROUP,01 July 2020,Yerevan,https://staff.am/en/service-manager-7
Tech Lead & Senior Software Engineer,Pangea Cloud Solutions,01 July 2020,Yerevan,https://staff.am/en/tech-lead-senior-software-engineer
"Կարամելի, շոկոլադի արտադրության տեխնոլոգ",ATP,30 June 2020,Yerevan,https://staff.am/en/karameli-sokoladi-artadrutyan-texnolog
English Speaking Sales/Support Representative,Envirotech,01 July 2020,Yerevan,https://staff.am/en/english-speaking-sales-representative-20
Service Desk Consultant,Adjarabet.am,30 June 2020,Ashtarak,https://staff.am/en/service-desk-consultant-6
National Chief Accountant,SOS Children's Villages Armenia,30 June 2020,Yerevan,https://staff.am/en/national-chief-accountant
National Programme Development Director ,SOS Children's Villages Armenia,30 June 2020,Yerevan,https://staff.am/en/national-programme-development-director
Manager,Pharmastar LLC,01 July 2020,Yerevan,https://staff.am/en/manager-39
Scrum master,Intelligent Digital Technologies,01 July 2020,Yerevan,https://staff.am/en/scrum-master-90
Վաճառքի զարգացման տարածքային մասնագետ (Պրեսելլեր)),Waterford,30 June 2020,Yerevan,https://staff.am/en/vacarki-zargacman-tarackayin
Business Development Executive,SFL,01 July 2020,Yerevan,https://staff.am/en/business-development-executive-10
Տնօրենի օգնական-գործավարուհի,Mikshin,01 July 2020,Yerevan,https://staff.am/en/tnoreni-ognakan-gorcavaruhi
Digital Marketing Specialist,Autofan,30 June 2020,Yerevan,https://staff.am/en/digital-marketing-specialist-202
Senior UI/UX Designer,SFL,01 July 2020,Yerevan,https://staff.am/en/senior-uiux-designer-42
Senior C++ Engineer,PicsArt,30 June 2020,Yerevan,https://staff.am/en/senior-c-developer-119
Data Engineer (Spark),PicsArt,30 June 2020,Yerevan,https://staff.am/en/data-engineer-spark-1
Data Scientist,PicsArt,30 June 2020,Yerevan,https://staff.am/en/data-scientist-76
Senior Full Stack JavaScript Engineer,PicsArt,30 June 2020,Yerevan,https://staff.am/en/senior-full-stack-javascript-engineer-1
Senior JavaScript Engineer,PicsArt,30 June 2020,Yerevan,https://staff.am/en/senior-javascript-engineer-19
"Technical Program Manager, Trust & Safety",PicsArt,30 June 2020,Yerevan,https://staff.am/en/technical-program-manager-trust-safety-1
"Senior Backend Engineer, User Behavior",PicsArt,30 June 2020,Yerevan,https://staff.am/en/senior-backend-engineer-user-behavior-10
"Senior Backend Engineer, Computer Vision",PicsArt,30 June 2020,Yerevan,https://staff.am/en/senior-backend-engineer-computer-vision-10
"Backend Engineer, User Behavior",PicsArt,30 June 2020,Yerevan,https://staff.am/en/backend-engineer-user-behavior-10
"Backend Engineer, Computer Vision",PicsArt,30 June 2020,Yerevan,https://staff.am/en/backend-engineer-computer-vision-10
QA Engineer (Web),PicsArt,30 June 2020,Yerevan,https://staff.am/en/web-qa-engineer-12
Senior Mobile Software Engineer in Test,PicsArt,30 June 2020,Yerevan,https://staff.am/en/senior-mobile-software-engineer-in-test-16
Quality Assurance Team Lead,PicsArt,30 June 2020,Yerevan,https://staff.am/en/quality-assurance-team-lead-19
Product Designer,PicsArt,30 June 2020,Yerevan,https://staff.am/en/product-designer-20
Web Designer,PicsArt,30 June 2020,Yerevan,https://staff.am/en/web-designer-68
Sales Representative ,AIR LLC,30 June 2020,Yerevan,https://staff.am/en/sales-representative-36
QA Engineer,PicsArt,30 June 2020,Yerevan,https://staff.am/en/qa-engineer-487
Junior IT Monitoring Specialist (24/7 shift),PicsArt,30 June 2020,Yerevan,https://staff.am/en/it-monitoring-specialist-247-shift-15
 Merchandiser,Վենդա,30 June 2020,Yerevan,https://staff.am/en/merchandiser-26
Senior Software Engineer ,ServiceTitan,01 July 2020,Yerevan,https://staff.am/en/senior-software-engineer-optimization-algorithms-12
Export manager,«ԷՍԷՌ ՖՈՒԴ» ՍՊԸ,30 June 2020,Yerevan,https://staff.am/en/export-manager-18
React Native developer,Locator CJSC,01 July 2020,Yerevan,https://staff.am/en/react-native-developer-62
Automation QA Engineer,The Software Development Company,30 June 2020,Yerevan,https://staff.am/en/automation-qa-engineer-47
Node.js/NestJS developer,Viveo Health,30 June 2020,Yerevan,https://staff.am/en/midsenior-nodejsnestjs-developer-6
"Engineering Manager, Java Microservices & Data",DISQO,03 July 2020,Yerevan,https://staff.am/en/engineering-manager-java-microservices-data-6
Senior Software Engineer,ServiceTitan,03 July 2020,Yerevan,https://staff.am/en/senior-software-engineer-76
"Senior Software Engineer, Front-End",ServiceTitan,03 July 2020,Yerevan,https://staff.am/en/sr-software-engineer-front-end-27
Senior Site Reliability Engineer,ServiceTitan,15 July 2020,Yerevan,https://staff.am/en/senior-site-reliability-engineer
Lead Software Engineer,ServiceTitan,05 July 2020,Yerevan,https://staff.am/en/lead-software-engineer
QA Automation Engineer,ServiceTitan,05 July 2020,Yerevan,https://staff.am/en/qa-automation-engineer-91
Operations Center Engineer,ServiceTitan,15 July 2020,Yerevan,https://staff.am/en/operations-center-engineer
